ID,Title,URL
170913,02012023 Black History Month,https://issaquah.civicweb.net/filepro/document/170913/02012023 Black History Month.pdf
174727,04032023 Arbor Day,https://issaquah.civicweb.net/filepro/document/174727/04032023 Arbor Day.pdf
174728,04032023 Telecommunications Week,https://issaquah.civicweb.net/filepro/document/174728/04032023 Telecommunications Week.pdf
175198,04032023 Terminating Civil Emergency,https://issaquah.civicweb.net/filepro/document/175198/04032023 Terminating Civil Emergency.pdf
175331,04172023 Administrative Professionals Day,https://issaquah.civicweb.net/filepro/document/175331/04172023 Administrative Professionals Day.pdf
176172,05012023 Corrections Week,https://issaquah.civicweb.net/filepro/document/176172/05012023 Corrections Week.pdf
176173,05012023 Drinking Water Week,https://issaquah.civicweb.net/filepro/document/176173/05012023 Drinking Water Week.pdf
176174,05012023 Economic Development Week,https://issaquah.civicweb.net/filepro/document/176174/05012023 Economic Development Week.pdf
176175,05012023 Municipal Clerks Week,https://issaquah.civicweb.net/filepro/document/176175/05012023 Municipal Clerks Week.pdf
176176,05012023 Public Service Week,https://issaquah.civicweb.net/filepro/document/176176/05012023 Public Service Week.pdf
176177,05012023 Travel and Tourism Week,https://issaquah.civicweb.net/filepro/document/176177/05012023 Travel and Tourism Week.pdf
176178,05012023 API Heritage Month,https://issaquah.civicweb.net/filepro/document/176178/05012023 API Heritage Month.pdf
176180,05012023 Affordable Housing Week,https://issaquah.civicweb.net/filepro/document/176180/05012023 Affordable Housing Week.pdf
176283,05012023 Water Safety Month,https://issaquah.civicweb.net/filepro/document/176283/05012023 Water Safety Month.pdf
176874,05152023 Gun Violence Awareness Day,https://issaquah.civicweb.net/filepro/document/176874/05152023 Gun Violence Awareness Day.pdf
176875,05152023 Police Week,https://issaquah.civicweb.net/filepro/document/176875/05152023 Police Week.pdf
176876,05152023 Public Works Week,https://issaquah.civicweb.net/filepro/document/176876/05152023 Public Works Week.pdf
176877,05152023 Safe Boating and Paddling Week,https://issaquah.civicweb.net/filepro/document/176877/05152023 Safe Boating and Paddling Week.pdf
176878,05152023 EMS Week,https://issaquah.civicweb.net/filepro/document/176878/05152023 EMS Week.pdf
178069,06052023 Juneteenth Day,https://issaquah.civicweb.net/filepro/document/178069/06052023 Juneteenth Day.pdf
178070,06052023 LGBTQIA Pride Month,https://issaquah.civicweb.net/filepro/document/178070/06052023 LGBTQIA Pride Month.pdf
150121,01072022 Flood Emergency Proclamation,https://issaquah.civicweb.net/filepro/document/150121/01072022 Flood Emergency Proclamation.pdf
151234,02012022 Black History Month,https://issaquah.civicweb.net/filepro/document/151234/02012022 Black History Month.pdf
153511,03072022 COVID-19 Memorial Day,https://issaquah.civicweb.net/filepro/document/153511/03072022 COVID-19 Memorial Day.pdf
155286,03312022 Robb Hunt Lifetime Achievement Award,https://issaquah.civicweb.net/filepro/document/155286/03312022 Robb Hunt Lifetime Achievement Award.pdf
155305,04012022 Telecommunications Week,https://issaquah.civicweb.net/filepro/document/155305/04012022 Telecommunications Week.pdf
155306,04012022 Sexual Assault Awareness Month,https://issaquah.civicweb.net/filepro/document/155306/04012022 Sexual Assault Awareness Month.pdf
154585,04182022 Arbor Day,https://issaquah.civicweb.net/filepro/document/154585/04182022 Arbor Day.pdf
157208,04272022 Administrative Professionals Day,https://issaquah.civicweb.net/filepro/document/157208/04272022 Administrative Professionals Day.pdf
156120,05012022 Affordable Housing Week,https://issaquah.civicweb.net/filepro/document/156120/05012022 Affordable Housing Week.pdf
157205,05012022 Drinking Water Week,https://issaquah.civicweb.net/filepro/document/157205/05012022 Drinking Water Week.pdf
157206,05012022 Public Service Recognition Week,https://issaquah.civicweb.net/filepro/document/157206/05012022 Public Service Recognition Week.pdf
157209,05012022 Professional Municipal Clerks Week,https://issaquah.civicweb.net/filepro/document/157209/05012022 Professional Municipal Clerks Week.pdf
157210,05012022 Corrections Officers Week,https://issaquah.civicweb.net/filepro/document/157210/05012022 Corrections Officers Week.pdf
157211,05092022 Economic Development Week,https://issaquah.civicweb.net/filepro/document/157211/05092022 Economic Development Week.pdf
157212,05112022 Police Week,https://issaquah.civicweb.net/filepro/document/157212/05112022 Police Week.pdf
157213,05152022 Emergency Medical Services Week,https://issaquah.civicweb.net/filepro/document/157213/05152022 Emergency Medical Services Week.pdf
157214,05152022 Public Works Week,https://issaquah.civicweb.net/filepro/document/157214/05152022 Public Works Week.pdf
157215,05202022 Human Resources Day,https://issaquah.civicweb.net/filepro/document/157215/05202022 Human Resources Day.pdf
156119,052022 Issaquah Schools Foundation Month,https://issaquah.civicweb.net/filepro/document/156119/052022 Issaquah Schools Foundation Month.pdf
157216,05212022 Safe Boating and Paddling Week,https://issaquah.civicweb.net/filepro/document/157216/05212022 Safe Boating and Paddling Week.pdf
158918,06032022 Gun Violence Awareness Day,https://issaquah.civicweb.net/filepro/document/158918/06032022 Gun Violence Awareness Day.pdf
159244,06012022 LGTBQIA Pride Month,https://issaquah.civicweb.net/filepro/document/159244/06012022 LGTBQIA Pride Month.pdf
159245,06062022 Juneteenth Day,https://issaquah.civicweb.net/filepro/document/159245/06062022 Juneteenth Day.pdf
161090,07182022 Parks & Community Services Month,https://issaquah.civicweb.net/filepro/document/161090/07182022 Parks & Community Services Month.pdf
161307,08012022 National Night Out,https://issaquah.civicweb.net/filepro/document/161307/08012022 National Night Out.pdf
162540,09062022 Welcoming Week,https://issaquah.civicweb.net/filepro/document/162540/09062022 Welcoming Week.pdf
162753,09062022 Hispanic Heritage Month,https://issaquah.civicweb.net/filepro/document/162753/09062022 Hispanic Heritage Month.pdf
162823,09172022 Constitution Day,https://issaquah.civicweb.net/filepro/document/162823/09172022 Constitution Day.pdf
163217,09012022 Recovery Month,https://issaquah.civicweb.net/filepro/document/163217/09012022 Recovery Month.pdf
163216,09212022 Information Technology Professionals Day,https://issaquah.civicweb.net/filepro/document/163216/09212022 Information Technology Professionals Day.pdf
163735,09252022 Childhood Cancer Awareness Week,https://issaquah.civicweb.net/filepro/document/163735/09252022 Childhood Cancer Awareness Week.pdf
163215,10012022 Fishaquah,https://issaquah.civicweb.net/filepro/document/163215/10012022 Fishaquah.pdf
163736,10012022 Arts And Humanities Month,https://issaquah.civicweb.net/filepro/document/163736/10012022 Arts And Humanities Month.pdf
163737,10092022 Fire Prevention Week,https://issaquah.civicweb.net/filepro/document/163737/10092022 Fire Prevention Week.pdf
165721,10312022 Hindu Heritage Month,https://issaquah.civicweb.net/filepro/document/165721/10312022 Hindu Heritage Month.pdf
165366,11082022 World Town Planning Day,https://issaquah.civicweb.net/filepro/document/165366/11082022 World Town Planning Day.pdf
165365,11102022 Accounting Day,https://issaquah.civicweb.net/filepro/document/165365/11102022 Accounting Day.pdf
165370,11152022 Issaquah Recycles Day,https://issaquah.civicweb.net/filepro/document/165370/11152022 Issaquah Recycles Day.pdf
166402,11212022 Issaquah DECA Ethical Leadership Week Proclamation,https://issaquah.civicweb.net/filepro/document/166402/11212022 Issaquah DECA Ethical Leadership Week Proclamation.pdf
166408,11262022 Small Business Saturday,https://issaquah.civicweb.net/filepro/document/166408/11262022 Small Business Saturday.pdf
145802,20211006_Hispanic Heritage Month,https://issaquah.civicweb.net/filepro/document/145802/20211006_Hispanic Heritage Month.pdf
145771,20211004_Substance Abuse Prevention Month,https://issaquah.civicweb.net/filepro/document/145771/20211004_Substance Abuse Prevention Month.pdf
144816,20211001_Arts Humanities Month,https://issaquah.civicweb.net/filepro/document/144816/20211001_Arts Humanities Month.pdf
144303,20211002_Fishaquah,https://issaquah.civicweb.net/filepro/document/144303/20211002_Fishaquah.pdf
143385,20210907_Welcoming Week,https://issaquah.civicweb.net/filepro/document/143385/20210907_Welcoming Week.pdf
143384,20210907_Recovery Month,https://issaquah.civicweb.net/filepro/document/143384/20210907_Recovery Month.pdf
143383,20210907_Childhood Cancer Awareness Month,https://issaquah.civicweb.net/filepro/document/143383/20210907_Childhood Cancer Awareness Month.pdf
143386,20210802_Snoqualmie Tribe Ancestral Lands,https://issaquah.civicweb.net/filepro/document/143386/20210802_Snoqualmie Tribe Ancestral Lands.pdf
140491,20210721_Immigration Reform,https://issaquah.civicweb.net/filepro/document/140491/20210721_Immigration Reform.pdf
139091,20210619_Juneteenth Day,https://issaquah.civicweb.net/filepro/document/139091/20210619_Juneteenth Day.pdf
139090,20210607_LGBTQIA+ PRIDE MONTH,https://issaquah.civicweb.net/filepro/document/139090/20210607_LGBTQIA+ PRIDE MONTH.pdf
138696,20210604_Gun Violence Awareness,https://issaquah.civicweb.net/filepro/document/138696/20210604_Gun Violence Awareness.pdf
138633,2021051721_Public Works Week,https://issaquah.civicweb.net/filepro/document/138633/2021051721_Public Works Week.pdf
138297,20210519_KIWANIS SPIRIT OF ISSAQUAH,https://issaquah.civicweb.net/filepro/document/138297/20210519_KIWANIS SPIRIT OF ISSAQUAH.pdf
138296,20210517_Asian Pacific American Heritage Month,https://issaquah.civicweb.net/filepro/document/138296/20210517_Asian Pacific American Heritage Month.pdf
137644,20210503_Clerks Week,https://issaquah.civicweb.net/filepro/document/137644/20210503_Clerks Week.pdf
136631,20210421_Hopelink Day Proclamation,https://issaquah.civicweb.net/filepro/document/136631/20210421_Hopelink Day Proclamation.pdf
135360,20210419_Arbor Day 2021,https://issaquah.civicweb.net/filepro/document/135360/20210419_Arbor Day 2021.pdf
135361,20210405_Earth Day 2021,https://issaquah.civicweb.net/filepro/document/135361/20210405_Earth Day 2021.pdf
135359,20210404_Celebrating Mary Mar,https://issaquah.civicweb.net/filepro/document/135359/20210404_Celebrating Mary Mar.pdf
135358,20210319_Natl Safe Place Week,https://issaquah.civicweb.net/filepro/document/135358/20210319_Natl Safe Place Week.pdf
132618,20210201_Black History Month,https://issaquah.civicweb.net/filepro/document/132618/20210201_Black History Month.pdf
128266,20201019_Mayor's Day of Concern,https://issaquah.civicweb.net/filepro/document/128266/20201019_Mayor's Day of Concern.pdf
127936,20201008_Affordable Housing Week 2020,https://issaquah.civicweb.net/filepro/document/127936/20201008_Affordable Housing Week 2020.pdf
127341,20201005_Substance Abuse Prevention Month,https://issaquah.civicweb.net/filepro/document/127341/20201005_Substance Abuse Prevention Month.pdf
126722,20200908_Welcoming Week 2020,https://issaquah.civicweb.net/filepro/document/126722/20200908_Welcoming Week 2020.pdf
126698,20200901_Recovery Month 2020,https://issaquah.civicweb.net/filepro/document/126698/20200901_Recovery Month 2020.pdf
126697,20200901_Childhood Cancer Awareness 2020,https://issaquah.civicweb.net/filepro/document/126697/20200901_Childhood Cancer Awareness 2020.pdf
126696,20200901_Suicide Prevention Month 2020,https://issaquah.civicweb.net/filepro/document/126696/20200901_Suicide Prevention Month 2020.pdf
126695,20200717_Park & Rec Professionals Day,https://issaquah.civicweb.net/filepro/document/126695/20200717_Park & Rec Professionals Day.pdf
123867,20200615_Juneteenth Day,https://issaquah.civicweb.net/filepro/document/123867/20200615_Juneteenth Day.pdf
123866,20200615_Juneteenth Day - Highlands,https://issaquah.civicweb.net/filepro/document/123866/20200615_Juneteenth Day - Highlands.pdf
123865,20200605_Gun Violence Awareness,https://issaquah.civicweb.net/filepro/document/123865/20200605_Gun Violence Awareness.pdf
124321,20200601_LGBTQ Pride Month,https://issaquah.civicweb.net/filepro/document/124321/20200601_LGBTQ Pride Month.pdf
123418,20200601_Proclamation of Emergency and Imposing Curfew,https://issaquah.civicweb.net/filepro/document/123418/20200601_Proclamation of Emergency and Imposing Curfew.pdf
122444,20200401_Sexual Assault Awareness Month,https://issaquah.civicweb.net/filepro/document/122444/20200401_Sexual Assault Awareness Month.pdf
122283,20200326_COVID 19 Emergency Deferring B&O Taxes,https://issaquah.civicweb.net/filepro/document/122283/20200326_COVID 19 Emergency Deferring B&O Taxes.pdf
122187,20200319_COVID 19 Emergency Suspending Paper Bag Fee,https://issaquah.civicweb.net/filepro/document/122187/20200319_COVID 19 Emergency Suspending Paper Bag Fee.pdf
122189,20200319_COVID 19 Emergency Moratorium Tenant Late Fees,https://issaquah.civicweb.net/filepro/document/122189/20200319_COVID 19 Emergency Moratorium Tenant Late Fees.pdf
122188,20200306_COVID 19 Proclamation of Emergency,https://issaquah.civicweb.net/filepro/document/122188/20200306_COVID 19 Proclamation of Emergency.pdf
116764,20190916_Diaper Need Awareness Week,https://issaquah.civicweb.net/filepro/document/116764/20190916_Diaper Need Awareness Week.pdf
116763,20191007_Substance Abuse Prevention 2019,https://issaquah.civicweb.net/filepro/document/116763/20191007_Substance Abuse Prevention 2019.pdf
116762,20190916_Fishaquah 2019,https://issaquah.civicweb.net/filepro/document/116762/20190916_Fishaquah 2019.pdf
116761,20190912_Village Theatre Day,https://issaquah.civicweb.net/filepro/document/116761/20190912_Village Theatre Day.pdf
116760,20191007_Domestic Violence Action Month 2019,https://issaquah.civicweb.net/filepro/document/116760/20191007_Domestic Violence Action Month 2019.pdf
116759,20190916_Mayor's Day of Concern for the Hungry 2019,https://issaquah.civicweb.net/filepro/document/116759/20190916_Mayor's Day of Concern for the Hungry 2019.pdf
116758,20191106_Police Records Specialists Week 2019,https://issaquah.civicweb.net/filepro/document/116758/20191106_Police Records Specialists Week 2019.pdf
114102,20190903_Welcoming Week 2019,https://issaquah.civicweb.net/filepro/document/114102/20190903_Welcoming Week 2019.pdf
114098,20190903_Recovery Month 2019,https://issaquah.civicweb.net/filepro/document/114098/20190903_Recovery Month 2019.pdf
114097,20190903_Childhood Cancer Awareness 2019,https://issaquah.civicweb.net/filepro/document/114097/20190903_Childhood Cancer Awareness 2019.pdf
109780,20190512_National Police Week,https://issaquah.civicweb.net/filepro/document/109780/20190512_National Police Week.pdf
109778,20190607_Gun Violence Awareness 2019,https://issaquah.civicweb.net/filepro/document/109778/20190607_Gun Violence Awareness 2019.pdf
109004,20190420_Arbor Day,https://issaquah.civicweb.net/filepro/document/109004/20190420_Arbor Day.pdf
109003,20190506_National Corrections Week,https://issaquah.civicweb.net/filepro/document/109003/20190506_National Corrections Week.pdf
109002,20190506_Affordable Housing Week 2019,https://issaquah.civicweb.net/filepro/document/109002/20190506_Affordable Housing Week 2019.pdf
108527,20190410_Telecommunications Week 2019,https://issaquah.civicweb.net/filepro/document/108527/20190410_Telecommunications Week 2019.pdf
108526,20190422_Earth Day 2019,https://issaquah.civicweb.net/filepro/document/108526/20190422_Earth Day 2019.pdf
107259,20190401_Sexual Assault Awareness Month,https://issaquah.civicweb.net/filepro/document/107259/20190401_Sexual Assault Awareness Month.pdf
98391,20181001_Domestic Violence Action Month 2018,https://issaquah.civicweb.net/filepro/document/98391/20181001_Domestic Violence Action Month 2018.pdf
98390,20181001_Fishaquah 2018,https://issaquah.civicweb.net/filepro/document/98390/20181001_Fishaquah 2018.pdf
98380,20181001_Substance Abuse Prevention Month 2018,https://issaquah.civicweb.net/filepro/document/98380/20181001_Substance Abuse Prevention Month 2018.pdf
97065,20180917_Diaper Need Awareness 2018,https://issaquah.civicweb.net/filepro/document/97065/20180917_Diaper Need Awareness 2018.pdf
97064,20180917_Welcoming Week 2018,https://issaquah.civicweb.net/filepro/document/97064/20180917_Welcoming Week 2018.pdf
97063,20180904_Month of Concern for the Hungry 2018,https://issaquah.civicweb.net/filepro/document/97063/20180904_Month of Concern for the Hungry 2018.pdf
97062,20180904_Childhood Cancer Awareness 2018,https://issaquah.civicweb.net/filepro/document/97062/20180904_Childhood Cancer Awareness 2018.pdf
97061,20180904_Recovery Month 2018,https://issaquah.civicweb.net/filepro/document/97061/20180904_Recovery Month 2018.pdf
92232,20180602_Gun Violence Awareness,https://issaquah.civicweb.net/filepro/document/92232/20180602_Gun Violence Awareness.pdf
90425,20180507_Affordable Housing Week,https://issaquah.civicweb.net/filepro/document/90425/20180507_Affordable Housing Week.pdf
89390,20180421_Arbor Day ,https://issaquah.civicweb.net/filepro/document/89390/20180421_Arbor Day .pdf
88631,20180416_Earth Day,https://issaquah.civicweb.net/filepro/document/88631/20180416_Earth Day.pdf
88399,20180411_Telecommunications Week,https://issaquah.civicweb.net/filepro/document/88399/20180411_Telecommunications Week.pdf
87457,20180402_Sexual Assault Awareness Month,https://issaquah.civicweb.net/filepro/document/87457/20180402_Sexual Assault Awareness Month.pdf
80365,Issaquah High School Girls Soccer Team Day,https://issaquah.civicweb.net/filepro/document/80365/Issaquah High School Girls Soccer Team Day.pdf
77745,Rose Finnegan Day,https://issaquah.civicweb.net/filepro/document/77745/Rose Finnegan Day.pdf
77744,Code Enforcement Officer Week,https://issaquah.civicweb.net/filepro/document/77744/Code Enforcement Officer Week.pdf
76340,Recovery Month,https://issaquah.civicweb.net/filepro/document/76340/Recovery Month.pdf
76339,Diaper Need Awareness Month,https://issaquah.civicweb.net/filepro/document/76339/Diaper Need Awareness Month.pdf
76338,Eastside Month of Concern for the Hungry,https://issaquah.civicweb.net/filepro/document/76338/Eastside Month of Concern for the Hungry.pdf
76337,Kiwanis Children's Cancer Cure Month,https://issaquah.civicweb.net/filepro/document/76337/Kiwanis Children's Cancer Cure Month.pdf
76241,Welcoming Week,https://issaquah.civicweb.net/filepro/document/76241/Welcoming Week.pdf
74260,Little League U10 Baseball Team Day,https://issaquah.civicweb.net/filepro/document/74260/Little League U10 Baseball Team Day.pdf
69866,Affordable Housing Week,https://issaquah.civicweb.net/filepro/document/69866/Affordable Housing Week.pdf
69865,National Prevention Week,https://issaquah.civicweb.net/filepro/document/69865/National Prevention Week.pdf
68949,Police Week,https://issaquah.civicweb.net/filepro/document/68949/Police Week.pdf
68950,Correctional Officer Week,https://issaquah.civicweb.net/filepro/document/68950/Correctional Officer Week.pdf
68263,National Small Business Week,https://issaquah.civicweb.net/filepro/document/68263/National Small Business Week.pdf
68262,National Therapy Animal Day,https://issaquah.civicweb.net/filepro/document/68262/National Therapy Animal Day.pdf
68259,Stand Against Racism Day,https://issaquah.civicweb.net/filepro/document/68259/Stand Against Racism Day.pdf
68258,Earth Day,https://issaquah.civicweb.net/filepro/document/68258/Earth Day.pdf
67230,Sexual Assault Awareness Month,https://issaquah.civicweb.net/filepro/document/67230/Sexual Assault Awareness Month.pdf
67229,Public Safety Telecommunications Week,https://issaquah.civicweb.net/filepro/document/67229/Public Safety Telecommunications Week.pdf
67228,Arbor Day,https://issaquah.civicweb.net/filepro/document/67228/Arbor Day.pdf
66129,Girl Scouts,https://issaquah.civicweb.net/filepro/document/66129/Girl Scouts.pdf
65440,The Issaquah Press,https://issaquah.civicweb.net/filepro/document/65440/The Issaquah Press.pdf
62750,Wayne Tanaka Day,https://issaquah.civicweb.net/filepro/document/62750/Wayne Tanaka Day.pdf
62303,Tolerance Awareness Day,https://issaquah.civicweb.net/filepro/document/62303/Tolerance Awareness Day.pdf
61644,Issaquah High School Girls Cross Country Team,https://issaquah.civicweb.net/filepro/document/61644/Issaquah High School Girls Cross Country Team.pdf
61643,Dr. Rayburn Lewis Day,https://issaquah.civicweb.net/filepro/document/61643/Dr. Rayburn Lewis Day.pdf
60956,Fishaquah,https://issaquah.civicweb.net/filepro/document/60956/Fishaquah.pdf
60936,Entrepreneurship Education Week,https://issaquah.civicweb.net/filepro/document/60936/Entrepreneurship Education Week.pdf
59929,Code Enforcement Officer Appreciation Week,https://issaquah.civicweb.net/filepro/document/59929/Code Enforcement Officer Appreciation Week.pdf
59928,50 Years of Bellevue College,https://issaquah.civicweb.net/filepro/document/59928/50 Years of Bellevue College.pdf
58671,Diaper Need Awareness Week Proclamation,https://issaquah.civicweb.net/filepro/document/58671/Diaper Need Awareness Week Proclamation.pdf
58670,Eastside Welcoming Week,https://issaquah.civicweb.net/filepro/document/58670/Eastside Welcoming Week.pdf
57167,Recovery Month,https://issaquah.civicweb.net/filepro/document/57167/Recovery Month.pdf
57166,Eastside Month of Concern for the Hungry,https://issaquah.civicweb.net/filepro/document/57166/Eastside Month of Concern for the Hungry.pdf
57168,Issaquah High School Girls Track & Field Team Day,https://issaquah.civicweb.net/filepro/document/57168/Issaquah High School Girls Track & Field Team Day.pdf
52363,Police Week ,https://issaquah.civicweb.net/filepro/document/52363/Police Week .pdf
52362,Affordable Housing Week,https://issaquah.civicweb.net/filepro/document/52362/Affordable Housing Week.pdf
51822,Older Americans Month,https://issaquah.civicweb.net/filepro/document/51822/Older Americans Month.pdf
51821,Correctional Officer Week,https://issaquah.civicweb.net/filepro/document/51821/Correctional Officer Week.pdf
51820,Arbor Day,https://issaquah.civicweb.net/filepro/document/51820/Arbor Day.pdf
51435,Earth Day,https://issaquah.civicweb.net/filepro/document/51435/Earth Day.pdf
51293,Stand Against Racism Day,https://issaquah.civicweb.net/filepro/document/51293/Stand Against Racism Day.pdf
50648,Public Safety Telecommunications Week,https://issaquah.civicweb.net/filepro/document/50648/Public Safety Telecommunications Week.pdf
50647,Sexual Assault Awareness Month ,https://issaquah.civicweb.net/filepro/document/50647/Sexual Assault Awareness Month .pdf
50649,Girl Scouts of the United States of America,https://issaquah.civicweb.net/filepro/document/50649/Girl Scouts of the United States of America.pdf
45526,Issaquah High School Girls Soccer Team Day,https://issaquah.civicweb.net/filepro/document/45526/Issaquah High School Girls Soccer Team Day.pdf
44665,Arbor Day,https://issaquah.civicweb.net/filepro/document/44665/Arbor Day.pdf
38470,Arts Education Month,https://issaquah.civicweb.net/filepro/document/38470/Arts Education Month.pdf
36734,Correctional Officers and Employees Week,https://issaquah.civicweb.net/filepro/document/36734/Correctional Officers and Employees Week.pdf
41179,Domestic Violence Action Month,https://issaquah.civicweb.net/filepro/document/41179/Domestic Violence Action Month.pdf
36735,Earth Day,https://issaquah.civicweb.net/filepro/document/36735/Earth Day.pdf
40603,Eastside Month of Concern for the Hungry,https://issaquah.civicweb.net/filepro/document/40603/Eastside Month of Concern for the Hungry.pdf
41618,Entrepreneurship Education Week,https://issaquah.civicweb.net/filepro/document/41618/Entrepreneurship Education Week.pdf
41180,Fishaquah,https://issaquah.civicweb.net/filepro/document/41180/Fishaquah.pdf
36930,Girl Scouts Day,https://issaquah.civicweb.net/filepro/document/36930/Girl Scouts Day.pdf
38471,Issaquah High School Track and Field Team Day,https://issaquah.civicweb.net/filepro/document/38471/Issaquah High School Track and Field Team Day.pdf
41619,Issaquah Valley Grange Day,https://issaquah.civicweb.net/filepro/document/41619/Issaquah Valley Grange Day.pdf
39653,Kiwanis Day,https://issaquah.civicweb.net/filepro/document/39653/Kiwanis Day.pdf
41260,Laurence United Day,https://issaquah.civicweb.net/filepro/document/41260/Laurence United Day.pdf
41620,Leadership Eastside Day,https://issaquah.civicweb.net/filepro/document/41620/Leadership Eastside Day.pdf
36732,Police Week,https://issaquah.civicweb.net/filepro/document/36732/Police Week.pdf
38472,Preventing Substance Abuse and Enhancing Mental Health Week,https://issaquah.civicweb.net/filepro/document/38472/Preventing Substance Abuse and Enhancing Mental Health Week.pdf
36733,Public Safety Telecommunications Week,https://issaquah.civicweb.net/filepro/document/36733/Public Safety Telecommunications Week.pdf
40604,Recovery Month,https://issaquah.civicweb.net/filepro/document/40604/Recovery Month.pdf
22805,12SAQUAH Day,https://issaquah.civicweb.net/filepro/document/22805/12SAQUAH Day.pdf
24719,Arbor Day,https://issaquah.civicweb.net/filepro/document/24719/Arbor Day.pdf
26789,Beverly Lee Day,https://issaquah.civicweb.net/filepro/document/26789/Beverly Lee Day.pdf
28402,Day of Concern for the Hungry,https://issaquah.civicweb.net/filepro/document/28402/Day of Concern for the Hungry.pdf
29584,Domestic Violence Awareness Month,https://issaquah.civicweb.net/filepro/document/29584/Domestic Violence Awareness Month.pdf
28869,Drive Electric Week,https://issaquah.civicweb.net/filepro/document/28869/Drive Electric Week.pdf
28868,Eastside Month Of Concern for the Hungry,https://issaquah.civicweb.net/filepro/document/28868/Eastside Month Of Concern for the Hungry.pdf
29583,Fishaquah,https://issaquah.civicweb.net/filepro/document/29583/Fishaquah.pdf
23451,Girl Scouts Day,https://issaquah.civicweb.net/filepro/document/23451/Girl Scouts Day.pdf
94723,Heritage Tree 2014,https://issaquah.civicweb.net/filepro/document/94723/Heritage Tree 2014.pdf
26788,Larry Kangas Day,https://issaquah.civicweb.net/filepro/document/26788/Larry Kangas Day.pdf
25645,Local History Month,https://issaquah.civicweb.net/filepro/document/25645/Local History Month.pdf
30537,Pancreatic Cancer Awareness Month,https://issaquah.civicweb.net/filepro/document/30537/Pancreatic Cancer Awareness Month.pdf
25646,Public Works Week,https://issaquah.civicweb.net/filepro/document/25646/Public Works Week.pdf
28401,Recovery Month,https://issaquah.civicweb.net/filepro/document/28401/Recovery Month.pdf
17720,"25th Anniversary of Chocolate, Wine and All that Jazz","https://issaquah.civicweb.net/filepro/document/17720/25th Anniversary of Chocolate, Wine and All that Jazz.pdf"
14903,Arbor Day,https://issaquah.civicweb.net/filepro/document/14903/Arbor Day.pdf
14902,Child Abuse Prevention Month,https://issaquah.civicweb.net/filepro/document/14902/Child Abuse Prevention Month.pdf
18411,Childhood Cancer Awareness Month,https://issaquah.civicweb.net/filepro/document/18411/Childhood Cancer Awareness Month.pdf
14016,Earth Hour,https://issaquah.civicweb.net/filepro/document/14016/Earth Hour.pdf
22487,Employee Learning Week,https://issaquah.civicweb.net/filepro/document/22487/Employee Learning Week.pdf
14017,Fix a Leak Week,https://issaquah.civicweb.net/filepro/document/14017/Fix a Leak Week.pdf
13404,Girl Scouts Week,https://issaquah.civicweb.net/filepro/document/13404/Girl Scouts Week.pdf
12273,Heritage Trees,https://issaquah.civicweb.net/filepro/document/12273/Heritage Trees.pdf
16671,Margaret Macleod Day,https://issaquah.civicweb.net/filepro/document/16671/Margaret Macleod Day.pdf
18726,Mayors Day of Concern for the Hungry,https://issaquah.civicweb.net/filepro/document/18726/Mayors Day of Concern for the Hungry.pdf
18727,National Recovery Month,https://issaquah.civicweb.net/filepro/document/18727/National Recovery Month.pdf
14643,Public Safety Telecommunications Week,https://issaquah.civicweb.net/filepro/document/14643/Public Safety Telecommunications Week.pdf
15676,Public Works Week,https://issaquah.civicweb.net/filepro/document/15676/Public Works Week.pdf
9700,Arbor Day,https://issaquah.civicweb.net/filepro/document/9700/Arbor Day.pdf
12276,At Work - Changing the Face of Employment Day,https://issaquah.civicweb.net/filepro/document/12276/At Work - Changing the Face of Employment Day.pdf
9698,Child Abuse Prevention,https://issaquah.civicweb.net/filepro/document/9698/Child Abuse Prevention.pdf
9952,Drinking Water Week,https://issaquah.civicweb.net/filepro/document/9952/Drinking Water Week.pdf
12274,Eastside Month of Concern for the Hungary,https://issaquah.civicweb.net/filepro/document/12274/Eastside Month of Concern for the Hungary.pdf
12275,Employee Learning Week,https://issaquah.civicweb.net/filepro/document/12275/Employee Learning Week.pdf
9681,Heritage Trees,https://issaquah.civicweb.net/filepro/document/9681/Heritage Trees.pdf
9701,Issaquah Salmon Hatchery Day,https://issaquah.civicweb.net/filepro/document/9701/Issaquah Salmon Hatchery Day.pdf
9953,Local History Month,https://issaquah.civicweb.net/filepro/document/9953/Local History Month.pdf
9959,National Public Works Week,https://issaquah.civicweb.net/filepro/document/9959/National Public Works Week.pdf
9960,Relay for Life Week,https://issaquah.civicweb.net/filepro/document/9960/Relay for Life Week.pdf
9965,Tastin' N Racin' Days,https://issaquah.civicweb.net/filepro/document/9965/Tastin' N Racin' Days.pdf
9690,Year of the Girl,https://issaquah.civicweb.net/filepro/document/9690/Year of the Girl.pdf
9192,Arbor Day,https://issaquah.civicweb.net/filepro/document/9192/Arbor Day.pdf
9193,Child Abuse Prevention Month,https://issaquah.civicweb.net/filepro/document/9193/Child Abuse Prevention Month.pdf
9527,Concern for the Hungry,https://issaquah.civicweb.net/filepro/document/9527/Concern for the Hungry.pdf
9166,Education Appreciation Month,https://issaquah.civicweb.net/filepro/document/9166/Education Appreciation Month.pdf
9194,First Stage Opening Day,https://issaquah.civicweb.net/filepro/document/9194/First Stage Opening Day.pdf
9167,Fischer Meats Day,https://issaquah.civicweb.net/filepro/document/9167/Fischer Meats Day.pdf
9175,Girl Scout Week,https://issaquah.civicweb.net/filepro/document/9175/Girl Scout Week.pdf
9474,Ichijo Day,https://issaquah.civicweb.net/filepro/document/9474/Ichijo Day.pdf
9176,Issaquah Restaurant Month,https://issaquah.civicweb.net/filepro/document/9176/Issaquah Restaurant Month.pdf
9396,Local History Month,https://issaquah.civicweb.net/filepro/document/9396/Local History Month.pdf
9195,Maureen McCarry Day,https://issaquah.civicweb.net/filepro/document/9195/Maureen McCarry Day.pdf
9401,Mountains to Sound Greenway Summer,https://issaquah.civicweb.net/filepro/document/9401/Mountains to Sound Greenway Summer.pdf
9501,National Recovery Month,https://issaquah.civicweb.net/filepro/document/9501/National Recovery Month.pdf
9613,Pancreatic Cancer Awareness Month,https://issaquah.civicweb.net/filepro/document/9613/Pancreatic Cancer Awareness Month.pdf
9475,Providence Marianwood Day,https://issaquah.civicweb.net/filepro/document/9475/Providence Marianwood Day.pdf
9402,Public Works Week,https://issaquah.civicweb.net/filepro/document/9402/Public Works Week.pdf
8727,ISSCITP_ADAYFORAFRICA_2010,https://issaquah.civicweb.net/filepro/document/8727/ISSCITP_ADAYFORAFRICA_2010.pdf
6271,ISSCITP_ARBORDAY_2010,https://issaquah.civicweb.net/filepro/document/6271/ISSCITP_ARBORDAY_2010.pdf
8740,ISSCITP_ATWORK MONTH_2010,https://issaquah.civicweb.net/filepro/document/8740/ISSCITP_ATWORK MONTH_2010.pdf
6270,ISSCITP_AUTISMAWARENESS_2010,https://issaquah.civicweb.net/filepro/document/6270/ISSCITP_AUTISMAWARENESS_2010.pdf
5729,ISSCITP_CENSUS_2010,https://issaquah.civicweb.net/filepro/document/5729/ISSCITP_CENSUS_2010.pdf
6272,ISSCITP_CHILDABUSE_2010,https://issaquah.civicweb.net/filepro/document/6272/ISSCITP_CHILDABUSE_2010.pdf
8728,ISSCITP_CONCERNFORTHEHUNGRY_2010,https://issaquah.civicweb.net/filepro/document/8728/ISSCITP_CONCERNFORTHEHUNGRY_2010.pdf
8782,ISSCITP_EMPLOYEELEARNINGWEEK_2010,https://issaquah.civicweb.net/filepro/document/8782/ISSCITP_EMPLOYEELEARNINGWEEK_2010.pdf
6269,ISSCITP_FIXALEAK_2010,https://issaquah.civicweb.net/filepro/document/6269/ISSCITP_FIXALEAK_2010.pdf
8763,ISSCITP_HERITAGETREES,https://issaquah.civicweb.net/filepro/document/8763/ISSCITP_HERITAGETREES.pdf
7059,ISSCITP_NATIONALPARKSANDRECMONTH_2010,https://issaquah.civicweb.net/filepro/document/7059/ISSCITP_NATIONALPARKSANDRECMONTH_2010.pdf
6273,ISSCITP_PUBLICSAFETYTELECOM_2010,https://issaquah.civicweb.net/filepro/document/6273/ISSCITP_PUBLICSAFETYTELECOM_2010.pdf
6278,ISSCITP_PUBLICWORKS WEEK_2010,https://issaquah.civicweb.net/filepro/document/6278/ISSCITP_PUBLICWORKS WEEK_2010.pdf
5663,ISSCITP_ADDITION RECOVERY_2009,https://issaquah.civicweb.net/filepro/document/5663/ISSCITP_ADDITION RECOVERY_2009.pdf
5635,ISSCITP_ARBORDAY_2009,https://issaquah.civicweb.net/filepro/document/5635/ISSCITP_ARBORDAY_2009.pdf
5636,ISSCITP_ARTSEDUCATION_2009,https://issaquah.civicweb.net/filepro/document/5636/ISSCITP_ARTSEDUCATION_2009.pdf
5637,ISSCITP_CHILDABUSEPREVENTION_2009,https://issaquah.civicweb.net/filepro/document/5637/ISSCITP_CHILDABUSEPREVENTION_2009.pdf
5664,ISSCITP_CONCERNFORTHEHUNGRY_2009,https://issaquah.civicweb.net/filepro/document/5664/ISSCITP_CONCERNFORTHEHUNGRY_2009.pdf
5638,ISSCITP_EARTH_2009,https://issaquah.civicweb.net/filepro/document/5638/ISSCITP_EARTH_2009.pdf
5639,ISSCITP_GIRLSCOUT_2009,https://issaquah.civicweb.net/filepro/document/5639/ISSCITP_GIRLSCOUT_2009.pdf
5640,ISSCITP_GREENWAY_2009,https://issaquah.civicweb.net/filepro/document/5640/ISSCITP_GREENWAY_2009.pdf
5689,ISSCITP_HERITAGE TREES_2009,https://issaquah.civicweb.net/filepro/document/5689/ISSCITP_HERITAGE TREES_2009.pdf
5662,ISSCITP_PAYROLL_2009,https://issaquah.civicweb.net/filepro/document/5662/ISSCITP_PAYROLL_2009.pdf
5641,ISSCITP_PRAYER_2009,https://issaquah.civicweb.net/filepro/document/5641/ISSCITP_PRAYER_2009.pdf
5642,ISSCITP_PUBLICSAFETYTELECOMMUNICATIONS_2009,https://issaquah.civicweb.net/filepro/document/5642/ISSCITP_PUBLICSAFETYTELECOMMUNICATIONS_2009.pdf
5643,ISSCITP_PUBLICWORKS_2009,https://issaquah.civicweb.net/filepro/document/5643/ISSCITP_PUBLICWORKS_2009.pdf
5644,ISSCITP_ROBOTICSTEAM_2009,https://issaquah.civicweb.net/filepro/document/5644/ISSCITP_ROBOTICSTEAM_2009.pdf
5622,ISSCITP_ARBORDAY_2008,https://issaquah.civicweb.net/filepro/document/5622/ISSCITP_ARBORDAY_2008.pdf
5623,ISSCITP_BILLIESMITH_2008,https://issaquah.civicweb.net/filepro/document/5623/ISSCITP_BILLIESMITH_2008.pdf
5624,ISSCITP_DAYOFPRAYER_2008,https://issaquah.civicweb.net/filepro/document/5624/ISSCITP_DAYOFPRAYER_2008.pdf
5625,ISSCITP_EARTHDAY_2008,https://issaquah.civicweb.net/filepro/document/5625/ISSCITP_EARTHDAY_2008.pdf
5626,ISSCITP_GIRLSCOUT_2008,https://issaquah.civicweb.net/filepro/document/5626/ISSCITP_GIRLSCOUT_2008.pdf
5627,ISSCITP_GREENWAY_2008,https://issaquah.civicweb.net/filepro/document/5627/ISSCITP_GREENWAY_2008.pdf
5628,ISSCITP_HERITAGETREES_2008,https://issaquah.civicweb.net/filepro/document/5628/ISSCITP_HERITAGETREES_2008.pdf
5629,ISSCITP_HUNGRY_2008,https://issaquah.civicweb.net/filepro/document/5629/ISSCITP_HUNGRY_2008.pdf
5630,ISSCITP_MUNICIPALCLERKS_2008,https://issaquah.civicweb.net/filepro/document/5630/ISSCITP_MUNICIPALCLERKS_2008.pdf
5631,ISSCITP_NIGHTOUT_2008,https://issaquah.civicweb.net/filepro/document/5631/ISSCITP_NIGHTOUT_2008.pdf
5632,ISSCITP_PUBLICWORKS_2008,https://issaquah.civicweb.net/filepro/document/5632/ISSCITP_PUBLICWORKS_2008.pdf
5633,ISSCITP_RECOVERYMONTH_2008,https://issaquah.civicweb.net/filepro/document/5633/ISSCITP_RECOVERYMONTH_2008.pdf
5634,ISSCITP_TASTINNRACIN_2008,https://issaquah.civicweb.net/filepro/document/5634/ISSCITP_TASTINNRACIN_2008.pdf
5605,ISSCITP_AIDSAWARENESS_2007,https://issaquah.civicweb.net/filepro/document/5605/ISSCITP_AIDSAWARENESS_2007.pdf
5606,ISSCITP_CONCERNFORHUNGRY_2007,https://issaquah.civicweb.net/filepro/document/5606/ISSCITP_CONCERNFORHUNGRY_2007.pdf
5607,ISSCITP_DRJANETBARRY_2007,https://issaquah.civicweb.net/filepro/document/5607/ISSCITP_DRJANETBARRY_2007.pdf
5608,ISSCITP_EMERGENCYDECLARED_2007,https://issaquah.civicweb.net/filepro/document/5608/ISSCITP_EMERGENCYDECLARED_2007.pdf
5609,ISSCITP_FALUNDAFADAY_2007,https://issaquah.civicweb.net/filepro/document/5609/ISSCITP_FALUNDAFADAY_2007.pdf
5610,ISSCITP_GIRLSCOUTS_2007,https://issaquah.civicweb.net/filepro/document/5610/ISSCITP_GIRLSCOUTS_2007.pdf
5611,ISSCITP_GIRLSSOCCERTEAM_2007,https://issaquah.civicweb.net/filepro/document/5611/ISSCITP_GIRLSSOCCERTEAM_2007.pdf
5612,ISSCITP_GREENWAY_2007,https://issaquah.civicweb.net/filepro/document/5612/ISSCITP_GREENWAY_2007.pdf
5613,ISSCITP_HERITAGETREES_2007,https://issaquah.civicweb.net/filepro/document/5613/ISSCITP_HERITAGETREES_2007.pdf
5614,ISSCITP_KINDNESS_2007,https://issaquah.civicweb.net/filepro/document/5614/ISSCITP_KINDNESS_2007.pdf
5615,ISSCITP_NATIVEPLANT_2007,https://issaquah.civicweb.net/filepro/document/5615/ISSCITP_NATIVEPLANT_2007.pdf
5616,ISSCITP_PAYROLLWEEK_2007,https://issaquah.civicweb.net/filepro/document/5616/ISSCITP_PAYROLLWEEK_2007.pdf
5617,ISSCITP_PUBLICWORKS_2007,https://issaquah.civicweb.net/filepro/document/5617/ISSCITP_PUBLICWORKS_2007.pdf
5618,ISSCITP_TASTINNRACIN_2007,https://issaquah.civicweb.net/filepro/document/5618/ISSCITP_TASTINNRACIN_2007.pdf
5619,ISSCITP_VETERANSAPPRECIATION_2007,https://issaquah.civicweb.net/filepro/document/5619/ISSCITP_VETERANSAPPRECIATION_2007.pdf
5620,ISSCITP_WELCOME_2007,https://issaquah.civicweb.net/filepro/document/5620/ISSCITP_WELCOME_2007.pdf
5621,ISSCITP_WORLDWATERDAY_2007,https://issaquah.civicweb.net/filepro/document/5621/ISSCITP_WORLDWATERDAY_2007.pdf
